producer_id,producer_name
1,Morgan Mccarthy
2,Diana Bowers
3,Eric Larson
4,Alicia Cole
5,Christine Kim
6,Kara Harrison
7,William Reyes
8,Diana Taylor
9,Kimberly Trujillo
10,Jared Barnes
11,Jennifer Smith
12,Kayla Banks
13,Krista Flowers
14,Oscar Moore
15,Becky Ramirez
16,Matthew Alvarado
17,Edwin Ramirez
18,Monica Kelly
19,Kristen Conway
20,Ann Neal
21,Ashley Reed
22,Tiffany Watkins
23,Robert Reid
24,Michelle Reeves
25,Ms. Jamie Lopez
26,Robert Wilson
27,Sarah Peterson
28,Thomas Hodge
29,Eric Rivas
30,Jason Stanley
31,Michael Johnson
32,Adam Molina
33,Billy Ayers
34,Brittany Harris
35,Robert Smith
36,Brianna Harris
37,Stephen Coleman
38,Michael Roth
39,Francisco Henson
40,Megan Vincent
41,Patricia Barnes
42,Amy Hernandez
43,Jasmine Jones
44,Hannah Dixon
45,Brian Patton
46,Angela Martin
47,Mrs. Dana Collins
48,Michelle Hahn
49,Dana Carroll MD
50,Carolyn Alvarez
51,Ian Stevens Jr.
52,Olivia Dean
53,Dr. Terry Smith DDS
54,Nicholas Brooks
55,Tammy Lewis
56,Johnny Figueroa
57,Miranda Scott
58,Deanna Wells
59,Mary Duncan
60,Allen Kelly
61,Kim Meyers
62,Laura Stuart
63,Claudia Hernandez
64,Shane Reed
65,Shannon Arroyo
66,Patricia Webster
67,Isaiah Martin
68,Joe Kennedy
69,David Jenkins
70,Robert Lopez
71,William Stark
72,Patrick Rubio
73,Jennifer Hill
74,Keith Holland
75,Courtney Casey
76,Jonathan Lambert Jr.
77,Rachael Goodwin
78,Jenna Hicks
79,Michael Williamson
80,Laura Ortiz
81,Ashley Turner
82,Billy Booker
83,James Hernandez
84,George Bell
85,Daniel Davis
86,Jennifer Matthews
87,Michelle Holland
88,Matthew Brown
89,Patricia Silva
90,Jason Nielsen
91,Bianca Bell
92,Randy Maddox
93,Timothy Pineda
94,Diamond Morales
95,Allison Woods
96,Andrew Crawford
97,Gary Stevens
98,Jordan Lee
99,Mr. Joseph Crawford
100,Joshua Owens
101,Kelly Freeman
102,Blake Pearson
103,Caitlin Hooper
104,Bethany Davis
105,Matthew Dixon
106,Michelle Gutierrez
107,Mrs. Tracy Deleon
108,Susan Buck
109,Shawna Davis
110,Peter Morton
111,Brittany Cardenas
112,Julian Turner
113,Gail Carter
114,Dr. Jerry Ashley
115,James Harris
116,Linda Richardson
117,Diana Lopez
118,Daniel Lewis
119,Lisa Mayo
120,Maria Contreras
121,Colleen Zimmerman
122,Miranda Colon
123,Michael Green
124,John Martinez
125,Erica Cook
126,Brian Harris
127,Cynthia Williams
128,Dale Gallegos
129,Todd Colon
130,Teresa Phillips
131,Eric Williams
132,Sarah Ortega
133,Elizabeth Miller
134,Craig Bell
135,David Saunders
136,Luis Pace
137,Richard Allison
138,Elaine Black
139,Bradley Edwards
140,Daniel Sandoval
141,Lauren Walker
142,Dustin Mack
143,Megan Duarte
144,Jasmine Johnson
145,Elizabeth Khan
146,Kathleen Aguirre
147,Charles Berry
148,David Hogan
149,Heather Smith
150,Clayton Walker
151,Nathan Macdonald
152,Jeremy Delgado
153,Ronald Rios
154,Jose Briggs
155,Stephanie Scott
156,Rebecca Wilson
157,Jennifer Farley
158,Kirk Tyler
159,Seth Foster
160,Sydney Jones
161,Ashley Kim MD
162,Jodi Baker
163,Alexandra Harris
164,Alexandra Thompson
165,Fred Weiss
166,Todd Brady
167,Zachary Macdonald
168,Garrett Mack
169,Lori Williams
170,David Gates
171,David Schneider
172,Kathryn Lee
173,Cynthia Heath
174,Jodi Bass
175,Shannon Wolfe
176,Rachel Castillo
177,Deborah Morales
178,Jamie Knight
179,Jesse Petersen
180,Laura Garza
181,Brian Johnson
182,Brad Mills
183,Margaret Cabrera
184,Mark Williams
185,Marisa Lewis
186,Kylie Mcgee
187,Tonya Richardson
188,Mia Steele
189,Linda Williams
190,Debra Davis
191,Gina Delacruz
192,John Griffith
193,Sarah Hill
194,Hannah Wyatt
195,Erika Mcdowell
196,Thomas Bridges
197,Colleen Gibson
198,Mary Price
199,Joshua Richards
200,Dennis Tucker
201,Stephen Brown
202,Mr. Mike Holmes
203,Casey Turner
204,Regina Brooks
205,John Ellis
206,Jessica Hoffman
207,Ricardo Kline
208,Rachel Ross
209,Donald Wilson
210,Danny Mcdaniel
211,Michael Johnson
212,Amy Schwartz
213,Cindy Spence
214,Mrs. Kelli Chambers
215,Billy Rodriguez
216,Christopher Miller
217,Angela Wilson
218,Brittany Davis
219,Jade Mcdaniel MD
220,Richard Rodriguez
221,Natalie Smith
222,Kristen Singh
223,Erica Cooper
224,Scott Cox
225,Ashley Clark
226,Matthew Alexander
227,Scott Rojas
228,Dean Hernandez
229,Christopher Fox
230,Samantha Martinez
231,Sherri Sanders
232,Christopher Mason DVM
233,Edwin Cox
234,Andrew Jacobs
235,Melinda Morris
236,Blake Mitchell
237,Kimberly Reyes
238,Ashley Brown
239,Collin Robinson
240,Jamie Wilson
241,Alexandria Garcia
242,David Levine
243,Stacey Myers
244,Tom Ruiz
245,Brent Harris
246,Michael Little
247,Seth Johnson DDS
248,Krystal Davis
249,Jamie Willis
250,Dana Schultz
251,Zachary Campos
252,George Robinson
253,Emily Fowler
254,Leah Cummings
255,Christopher Oconnell
256,Ronald Mills
257,Brenda Warren
258,Gary Sweeney
259,Nicholas Ewing
260,Daniel Martinez
261,Jessica Pugh
262,Charles Vasquez
263,Danny Marks
264,Mark White
265,Meghan Coleman
266,Cristina Hooper
267,Kevin Stewart
268,Alejandro Smith
269,David Taylor
270,Michael Hahn
271,Kayla Benson DDS
272,Veronica Edwards
273,Terri West
274,Dr. Kelly Gomez MD
275,Brandon Bradley
276,Beth Wise
277,Laura Hurley
278,Jonathan Thornton
279,Bryan Robertson
280,Troy Cherry
281,Ms. Jennifer Wilson
282,Isabel Wiley
283,Erica Ramirez
284,Suzanne Allen
285,David Wilkins
286,Kelli Taylor
287,Kelly Bates
288,James Martinez
289,Justin Salazar
290,Phyllis Berg
291,Ann Briggs DDS
292,Kenneth Hickman
293,Casey Barnes
294,Julie Dunlap
295,Matthew Davidson
296,Julie Wang
297,Bradley Jones
298,James Cuevas
299,Mark Curtis
300,Dawn Armstrong
301,Ruth Holt
302,Linda Clark
303,Andrew Andrews
304,Andrew Taylor
305,Linda Blankenship
306,Brandon Reynolds
307,Dana Brown
308,Dr. Joshua Brown
309,John Ford
310,Courtney Ferguson
311,Michael Turner
312,Anna Baker
313,Michael Brown
314,Brandon Jackson
315,Kristen Sherman
316,Steven Woods
317,Jordan Gonzalez
318,Melissa Rich
319,Luke Kelly
320,Daniel Martin
321,Diana Gross
322,Timothy Kim
323,Mallory Byrd
324,Steven Lee
325,Johnny Norman
326,Lynn Johnson
327,Christine Miller
328,Anthony Meyer
329,Carlos Daugherty DDS
330,Christopher Quinn
331,Gabriel Stephens
332,Dr. Joe Smith
333,Beth Phelps
334,Christopher Miles
335,Alicia Hayden
336,Robert Cisneros
337,Kathryn Caldwell
338,Julie Brown
339,Wayne Harrison
340,Christopher Anderson MD
341,Lauren Collins
342,Sandra Williams
343,Jeremy Sanchez
344,Charles Mueller
345,Stephanie Olson
346,Bryan Bates
347,Jeremy Casey
348,Melissa Merritt
349,Sarah Stephens
350,Jacob Giles
351,Melissa Morris
352,John Ellis
353,Timothy Farley
354,Zoe Gallagher
355,Michelle Ruiz
356,Maria Brown
357,Angela Smith
358,Scott Gilbert
359,Catherine Adams
360,Lori Warren
361,Aaron Howard
362,Cindy Erickson
363,Michael Burke MD
364,Angela Moreno
365,Julia Thomas
366,Mario Graham
367,Katherine Randolph
368,Jimmy Zavala
369,Robert Doyle
370,Amy Harmon
371,Lisa Johnston
372,Kristina Mason
373,Debbie Johnson PhD
374,Bryan Contreras
375,Justin Davis
376,Jessica Smith
377,Judith Patterson
378,Sarah Lewis
379,Angela Young
380,Paula Lyons
381,Ashley Salinas
382,Kelli Salas
383,Shannon Diaz
384,Patricia Owen
385,Timothy Bush
386,Annette Hammond
387,Paul Macias
388,Elizabeth Jones
389,Joanne Huffman
390,Robert Ellis
391,Robin Mathews
392,Chad Cook
393,Matthew Charles
394,Emily Sawyer
395,Adam Thompson
396,Sarah Jordan
397,Edward Mckay
398,Katherine Morgan
399,William Schroeder
400,Jaime Williamson
401,Maria Smith
402,Richard Ford
403,Michael Cruz
404,Mrs. Michelle Wilson
405,Courtney Andersen
406,Christopher Carlson
407,Anthony Dennis
408,Stephen Fernandez
409,Dustin Martinez
410,James Kane
411,Tamara Bernard
412,Alfred Ramos
413,Kathy Peterson
414,Sydney Collier
415,Destiny Conrad
416,Jennifer Sanders
417,Paul Edwards
418,Brian Johnson
419,Sharon Fuller
420,Dana Williams
421,Joseph Morrison
422,Joel Davis
423,Sue Adams
424,Joseph Russell
425,Jessica Orozco
426,Deanna Golden
427,Ruben Fischer
428,Katie Kennedy
429,Nicholas Porter
430,Paige Odom
431,Gabriel Rivas
432,Daniel Andrade
433,Juan White
434,John Fischer
435,Justin Davis
436,Andrea Hamilton
437,Robert Acosta
438,Meghan Martin
439,Madison Vega
440,Troy Chaney
441,Dr. Brian Williams IV
442,Peggy Kelley
443,Timothy Williams
444,Corey Wong
445,Leah Brooks
446,Steven Hendrix
447,Devin West
448,Heather Brewer
449,Dana Perkins
450,Eric Klein
451,William Spears
452,Danielle Sampson
453,Jeffrey Ward
454,Susan Carpenter
455,Kara Young
456,Wendy Hahn
457,Philip Fisher
458,Sergio Walker
459,Elizabeth Payne
460,Emily Morgan
461,Pamela Anderson
462,Dr. Corey Jenkins
463,Luis Nguyen
464,Julie Brown
465,Arthur Nguyen
466,Richard Rodriguez
467,Amanda Bell
468,Felicia Rich
469,Jason Wright
470,Carla Shaw
471,Christina Henson
472,Richard Dalton
473,Steven Anderson
474,Crystal Fuller
475,Thomas Jordan
476,Darrell Villegas
477,Dustin Adams
478,Scott Nguyen
479,Brittany Peterson
480,Alexander Beltran
481,Samantha Moran
482,Kevin Wright
483,Bryan Thomas
484,John Massey
485,Jonathan Rivera
486,Alyssa Thomas
487,Arthur Grimes
488,Martin Hunter
489,Sheila Barnes
490,David Drake
491,Tammy Moore
492,Anna Stewart
493,Daniel Gonzalez
494,Travis Mayer
495,Mckenzie Kennedy
496,Terri Andrews
497,Timothy Ward
498,Jeanette Smith
499,William Johnson
500,David Guzman
